id,price
1,51056.99
2,58206.02
3,23221.4
4,2391.9
5,5908.66
6,6391.77
7,4290.5575
8,14112.64
9,4717.26
10,22065.62
11,4784.06
12,5287.78
13,4362.93
14,55336.04
15,41527.47
16,54867.17
17,55364.45
18,6351.9
19,66719.7
20,7452.94
21,6294.02
22,59544.275
23,45434.89
24,5605.79
25,5156.39
26,4529.22
27,6269.73
28,5390.12
29,4272.19
30,6309.59
31,6398.71
32,67447.49
33,60260.0
34,55580.78
35,10706.78
36,5871.33
37,5590.1
38,50817.44
39,5446.32
40,2189.53
41,10557.22
42,80138.6
43,5313.46
44,3610.7
45,13063.375
46,3453.3
47,5961.66
48,12339.71
49,65462.75666666667
50,6463.77
51,5528.51
52,3325.89
53,6281.45
54,4187.97
55,7416.31
56,2853.8
57,4249.87
58,52226.52
59,3184.31
60,64711.66000000001
61,10112.5
62,56215.83
63,6897.43
64,11092.86
65,56427.58
66,57104.89
67,45555.91
68,13156.69
69,46446.82
70,45343.12
71,5759.97
72,6139.41
73,9612.2
74,8433.71
75,12601.92
76,6557.43
77,5812.97
78,2994.29
79,63449.49
80,11161.06
81,5010.65
82,6038.05
83,8671.38
84,6159.48
85,32808.98
86,62194.18
87,4857.23
88,13660.28
89,60307.74
90,4493.08
91,5072.34
92,63807.65
93,55147.64
94,78310.98
95,54761.55
96,11443.49
97,5799.39
98,21326.44
99,5689.79
100,65203.3
101,4854.77
102,7987.95
103,7975.87
104,2543.96
105,7008.94
106,7027.24
107,51059.9
108,54633.06
109,50518.49
110,2422.81
111,51336.76
112,52588.07
113,10119.29
114,3429.66
115,3430.62
116,3553.77
117,5349.6
118,3634.23
119,6020.27
120,15158.72
121,53530.23
122,12315.6
123,6225.13
124,46399.11
125,5538.09
126,6550.35
127,6954.44
128,11250.14
129,66285.76
130,4488.65
131,6379.34
132,60793.12
133,5746.06
134,6132.8
135,4718.67
136,43743.92
137,4858.93
138,7766.79
139,4009.89
140,4763.52
141,3519.75
142,52912.44
143,7931.72
144,1708.05
145,54662.96
146,3031.65
147,6362.72
148,16554.25
149,6111.86
150,4893.24
151,8380.83
152,62916.15
153,7482.01
154,6885.09
155,61842.84
156,6356.39
157,7323.9
158,5441.54
159,5884.34
160,4636.27
161,53344.4
162,6446.92
163,68847.35
164,7649.85
165,59652.66
166,35077.08
167,59201.98
168,4427.225
169,11842.4
170,54158.52
171,1928.74
172,8135.21
173,52313.74
174,55896.39
175,5052.89
176,69469.62
177,3820.3
178,4256.48
179,5341.01
180,72376.37
181,28319.02
182,7446.76
183,11690.22
184,6059.12
185,24139.42
186,6278.23
187,9176.09
188,53062.01
189,14648.69
190,4493.94
191,58191.57
192,3599.83
193,58464.02
194,6303.51
195,4329.79
196,5945.86
197,2473.49
198,16288.27
199,13212.09
200,60213.53
201,69533.15
202,12849.67
203,4379.36
204,7259.06
205,61076.3
206,60737.38
207,4144.54
208,45372.8
209,50126.76
210,10018.19
211,57676.15
212,40883.57
213,4402.01
214,5665.04
215,6683.59
216,50142.38
217,5089.53
218,30738.8
219,7512.06
220,3367.42
221,4027.75
222,4490.42
223,22171.7
224,52195.69
225,54335.7
226,12088.79
227,7181.91
228,9657.42
229,4578.58
230,61562.46
231,4955.89
232,6034.67
233,13146.56
234,11508.4
235,3779.38
236,6517.055
237,2778.42
238,3994.21
239,2492.2
240,12259.74
241,67226.83
242,51159.54
243,4019.79
244,62289.69
245,9030.2
246,49599.17
247,59348.74
248,4998.69
249,5578.56
250,67146.39
251,8505.82
252,5966.98
253,52668.59
254,10983.59
255,6347.61
256,71277.96
257,4655.57
258,2291.53
259,4908.16
260,54851.89
261,3575.14
262,6008.86
263,53464.07
264,4148.17
265,7989.18
266,1672.41
267,41907.79
268,47507.42
269,44539.05
270,8713.52
271,6492.85
272,7778.69
273,50756.48
274,31371.5
275,2275.29
276,8403.75
277,29180.08
278,7569.74
279,32771.49
280,6299.71
281,39842.96
282,5212.2
283,5816.26
284,6548.73
285,49725.0
286,7392.68
287,39381.59
288,5450.14
289,58707.17
290,1780.55
291,2126.36
292,6456.04
293,8282.74
294,6157.41
295,5023.49
296,4164.92
297,47315.73
298,14936.31
299,9794.59
300,5633.23
301,59927.62
302,2683.48
303,7171.25
304,11503.81
305,52993.04
306,6233.21
307,49154.55
308,5243.77
309,58770.23
310,10869.55
311,5210.76
312,54488.37
313,4268.9
314,2488.54
315,3965.1
316,36167.71
317,3998.63
318,5609.79
319,8448.45
320,3911.58
321,4423.32
322,61068.97
323,5498.3
324,3880.24
325,6775.39
326,15559.17
327,6687.96
328,5153.9
329,5908.52
330,4266.0
331,11849.35
332,7646.56
333,65672.02
334,5397.88
335,7207.54
336,11761.36
337,4683.07
338,22179.64
339,13894.94
340,46584.26
341,50271.11
342,49995.48
343,4218.56
344,5888.0
345,14048.43
346,73889.99
347,3176.57
348,3610.33
349,6070.33
350,10537.9
351,4620.54
352,5949.0
353,4814.88
354,3720.33
355,4908.21
356,67344.35
357,49375.76
358,4899.45
359,4551.89
360,49113.63
361,57608.21
362,6164.78
363,51703.51
364,2480.03
365,63302.59333333333
366,30776.24
367,4275.55
368,4914.45
369,6547.745
370,6599.59
371,5539.72
372,4061.87
373,6054.0
374,7477.94
375,11411.68
376,50014.0
377,5710.82
378,55356.22
379,5509.99
380,2134.6
381,63545.8
382,7059.04
383,8027.05
384,4548.11
385,7160.2
386,63615.85
387,62634.31
388,5086.41
389,52692.3
390,59063.37
391,56988.7
392,69247.02
393,8002.35
394,56054.13
395,72788.84
396,57099.93
397,54408.55
398,4760.14
399,6550.29
400,3419.82
401,9235.01
402,6750.0
403,9193.18
404,57593.48
405,49032.85
406,4174.85
407,5745.47
408,67032.42
409,5738.99
410,5290.88
411,6404.735
412,53060.36
413,7646.29
414,6199.51
415,5337.37
416,2545.96
417,28651.92
418,6402.39
419,53681.35
420,11085.53
421,4445.61
422,5206.97
423,4111.52
424,57470.46
425,15032.27
426,4164.89
427,3414.1
428,12642.43
429,2150.0
430,6456.57
431,49595.62
432,6315.54
433,6435.51
434,61943.27
435,2201.0
436,5975.34
437,12292.0
438,12090.2
439,5842.15
440,68681.73
441,10477.48
442,62369.07
443,5357.33
444,4277.84
445,4473.7
446,49498.79
447,56777.24
448,6966.32
449,3585.84
450,48167.53
451,49516.0
452,46905.29
453,4944.54
454,5804.09
455,5000.85
456,2169.97
457,49560.18
458,41015.48
459,11402.61
460,6850.44
461,4657.47
462,5948.76
463,4503.12
464,5348.07
465,1595.75
466,2150.0
467,8177.09
468,5009.51
469,4750.36
470,9438.61
471,11012.78
472,9030.98
473,4939.75
474,6169.98
475,4787.51
476,11302.64
477,12692.74
478,4639.1
479,13534.733999999999
480,25020.04
481,5419.91
482,5296.25
483,2767.36
484,3219.57
485,10831.33
486,6117.72
487,63923.08
488,5182.92
489,47361.35
490,9396.48
491,51737.57
492,4850.48
493,58626.4
494,53399.32
495,5953.08
496,33622.11
497,5435.9
498,5091.39
499,59311.94
500,51512.24
501,4485.11
502,4777.58
503,61034.53
504,47083.92
505,46393.0
506,8258.64
507,5960.85
508,32631.41
509,2735.27
510,55676.65
511,6087.28
512,6183.01
513,39128.81
514,5792.66
515,70791.93
516,68066.62
517,3304.13
518,46183.05
519,4722.68
520,5834.45
521,71927.88
522,54608.0
523,4339.91
524,4659.28
525,8845.55
526,7128.26
527,6965.92
528,2623.62
529,6124.2
530,15413.28
531,52515.46
532,3986.6
533,55728.6
534,10642.47
535,10675.35
536,61436.26
537,56566.94
538,5280.85
539,4970.08
540,4033.12
541,5224.03
542,2992.19
543,10158.33
544,55082.78
545,68183.4
546,50866.29
547,3882.92
548,10941.51
549,57609.8
550,4726.19
551,55306.14
552,5880.16
553,5977.59
554,4996.29
555,5173.42
556,5924.53
557,58006.39
558,52835.69
559,6002.29
560,42124.87
561,43627.91
562,2751.11
563,5804.12
564,3544.84
565,4627.44
566,50030.48
567,11880.81
568,9163.17
569,7829.69
570,6042.3
571,4949.235
572,17505.91
573,12978.64
574,4262.17
575,47361.39
576,4713.45
577,53202.78
578,4118.07
579,48869.13
580,65289.61
581,36375.27
582,4242.17
583,2350.7
584,2201.0
585,6546.58
586,58259.28
587,12625.05
588,72540.38
589,4409.18
590,3248.79
591,7647.69
592,64044.17
593,79651.9
594,5497.46
595,17563.39
596,68886.15
597,5599.01
598,2621.21
599,11575.68
600,37858.38
601,6397.93
602,5411.89
603,3856.05
604,7236.51
605,53906.48
606,6650.81
607,67151.12
608,34828.43
609,3922.7
610,6689.34
611,53425.82
612,4401.2
613,65953.83
614,6579.45
615,6243.4
616,6546.25
617,4170.93
618,14925.5
619,61405.72
620,52779.99
621,70877.18
622,5548.29
623,6272.87
624,12696.76
625,4071.87
626,4974.97
627,49500.63
628,52190.32
629,5494.22
630,56861.63
631,6111.22
632,70376.74
633,5005.15
634,5115.81
635,4239.81
636,4161.01
637,7965.53
638,56868.92
639,2998.51
640,53641.65
641,41873.78
642,8899.63
643,4673.76
644,4106.12
645,4022.36
646,57878.33
647,66990.78
648,2865.37
649,11212.7
650,7839.91
651,50189.41
652,4236.79
653,64470.15
654,59878.59
655,6337.86
656,6852.83
657,3212.93
658,9135.71
659,55290.96
660,5905.36
661,6160.44
662,4852.05
663,3213.75
664,14985.78
665,5878.62
666,5974.06
667,12930.22
668,4843.64
669,4703.54
670,4398.68
671,57452.19
672,12026.55
673,5255.08
674,27827.68
675,59184.87
676,64428.21
677,34787.23
678,5111.82
679,14302.44
680,8711.36
681,5421.05
682,4973.55
683,7456.74
684,7405.71
685,6660.0
686,8352.39
687,13724.0
688,4834.34
689,4688.52
690,9708.38
691,4333.26
692,55992.57
693,8040.88
694,7706.84
695,5919.19
696,6142.15
697,6358.03
698,2658.12
699,10757.53
700,4752.38
701,64632.94
702,2551.47
703,3743.45
704,6306.47
705,50545.41
706,4335.56
707,51268.82
708,3752.63
709,3095.32
710,50799.52
711,11827.98
712,56313.76
713,38658.28
714,4818.33
715,54521.26
716,7532.98
717,7701.96
718,10678.14
719,25717.09
720,6735.44
721,59392.84
722,55342.07
723,54166.42
724,9018.33
725,44499.48
726,56054.66
727,6192.95
728,3609.82
729,5744.38
730,78822.01
731,27864.0
732,5147.51
733,6356.18
734,3899.91
735,53187.98
736,5767.13
737,3931.28
738,4249.43
739,59141.92
740,51976.91
741,57013.76
742,58164.93
743,4404.29
744,65860.37
745,11603.17
746,6179.3
747,57020.33
748,7926.4
749,56153.87
750,54698.52
751,6027.96
752,5127.26
753,5762.31
754,3770.21
755,4468.26
756,58978.89
757,45742.61
758,5682.53
759,55158.97
760,3317.91
761,7196.38
762,4455.15
763,7963.46
764,5954.84
765,56718.05
766,4472.69
767,72377.98
768,7805.71
769,5111.04
770,6537.11
771,4475.95
772,52438.88
773,77499.71
774,6358.64
775,4658.282999999999
776,48762.47
777,54878.91
778,4032.35
779,4087.55
780,2469.49
781,4588.72
782,43576.63
783,6514.31
784,23221.4
785,8173.22
786,5810.62
787,13351.64
788,4796.18
789,71283.23
790,17611.51
791,45434.06
792,33819.72
793,7243.9
794,30850.59
795,23843.08
796,64760.77
797,5427.65
798,7732.19
799,7935.18
800,1712.4
801,15904.0975
802,5654.13
803,6661.66
804,51573.22
805,6091.15
806,24380.74
807,77092.99
808,13066.1
809,44546.54
810,9873.53
811,46166.26
812,6680.73
813,4882.76
814,59008.92
815,6562.62
816,8649.19
817,6550.46
818,4867.66
819,5151.6
820,55531.52
821,48830.94
822,5154.58
823,24122.0
824,50504.17
825,51498.27
826,5958.79
827,53243.68
828,3195.08
829,50122.53
830,6495.98
831,10371.31
832,3946.66
833,59501.17
834,64035.49
835,4955.16
836,4368.54
837,44877.31
838,16895.83
839,5764.13
840,11638.48
841,60102.92
842,49161.22
843,3143.54
844,23905.82
845,6163.35
846,66987.65
847,43565.45
848,9812.65
849,5159.3
850,14248.88
851,4414.57
852,7215.84
853,4224.21
854,47084.48
855,21110.24
856,5389.35
857,54684.0
858,6150.03
859,5745.1
860,7998.26
861,4907.83
862,2435.09
863,51065.04
864,5469.82
865,2802.92
866,12085.63
867,52887.19
868,2124.16
869,3927.77
870,66320.71
871,5074.12
872,17996.19
873,45517.28
874,6994.05
875,66333.08
876,5810.33
877,3379.0
878,47793.79
879,4417.87
880,71585.45
881,4657.37
882,4533.39
883,9029.67
884,4233.98
885,6544.36
886,6092.82
887,4188.35
888,50990.62
889,39703.58
890,2286.08
891,5166.05
892,2248.43
893,3199.11
894,64471.93
895,9066.5
896,62761.83
897,4808.3
898,57378.43
899,6171.57
900,5429.3
901,55540.84
902,43925.5
903,9951.03
904,4827.73
905,5423.28
906,6707.94
907,58246.18666666667
908,62392.86
909,6430.34
910,6389.82
911,5734.5
912,4509.27
913,60908.02
914,4421.65
915,5665.58
916,52406.11
917,6359.58
918,32215.68666666667
919,3549.46
920,12156.1
921,60763.16
922,11020.09
923,54407.35
924,4625.03
925,54442.47
926,4590.21
927,70077.98
928,5520.78
929,30625.13
930,13115.63
931,10659.76
932,2969.01
933,49536.36
934,4581.71
935,4849.47
936,4798.011333333333
937,5196.98
938,45385.83
939,13675.78
940,5669.98
941,4680.21
942,63859.59
943,6236.04
944,4408.42
945,2379.9
946,9795.7
947,55896.34
948,2031.91
949,70577.5
950,55583.39
951,44328.21
952,55728.65
953,2334.7
954,13907.41
955,4610.65
956,50450.07
957,6128.13
958,9842.01
959,3063.52
960,68668.85
961,57447.04
962,6024.58
963,11872.54
964,4834.81
965,5625.57
966,6012.87
967,69800.07
968,9921.9
969,4331.11
970,3712.02
971,6613.39
972,63587.89
973,4199.24
974,48875.14
975,60444.07
976,58929.67
977,4562.95
978,70510.21
979,5573.64
980,7787.99
981,10715.89
982,55802.71
983,6069.33
984,5979.04
985,5389.14
986,6011.65
987,11586.83
988,6604.99
989,3696.64
990,7569.92
991,55032.44
992,60038.45
993,7141.78
994,54154.96
995,12214.51
996,3674.41
997,5222.16
998,6844.95
999,6912.26
1000,4581.91
1001,3631.08
1002,10677.88
1003,59287.43
1004,4856.21
1005,12460.25
1006,11546.91
1007,4377.86
1008,3601.84
1009,20395.26
1010,2550.49
1011,42491.03
1012,52898.81
1013,4418.04
1014,58247.85
1015,64677.14
1016,40620.52
1017,42416.47
1018,10809.62
1019,8638.43
1020,3090.58
1021,11720.38
1022,4782.14
1023,3720.73
1024,55383.24
1025,11280.07
1026,56707.49
1027,4116.26
1028,52129.33
1029,6532.95
1030,54232.44
1031,5832.7
1032,4968.23
1033,45085.76
1034,7573.93
1035,5507.47
1036,27393.67
1037,5203.83
1038,45452.96
1039,4067.21
1040,3040.4
1041,59797.23
1042,33411.0
1043,10128.0
1044,5956.62
1045,5599.98
1046,61937.64
1047,38500.95
1048,4471.64
1049,5485.77
1050,2145.18
1051,3041.66
1052,5249.29
1053,5856.84
1054,53320.14
1055,2717.36
1056,6194.7
1057,9467.99
1058,8397.07
1059,6804.15
1060,3099.41
1061,63681.13
1062,49737.75
1063,4577.79
1064,7851.34
1065,10833.91
1066,5442.88
1067,17239.02
1068,22221.87
1069,43165.76
1070,1817.48
1071,4895.03
1072,46087.38
1073,60671.86
1074,16368.51
1075,12290.88
1076,5594.49
1077,6237.94
1078,4797.72
1079,15209.89
1080,4254.44
1081,49732.27
1082,4399.89
1083,5523.95
1084,12070.12
1085,4581.81
1086,6596.47
1087,9272.37
1088,6161.0
1089,15092.13
1090,5901.94
1091,6240.53
1092,12792.68
1093,5854.77
1094,5372.43
1095,8806.15
1096,50926.1
1097,65808.47
1098,4850.72
1099,4638.26
1100,49006.65
1101,4012.26
1102,13692.47
1103,4245.61
1104,60577.0
1105,2782.02
1106,8702.19
1107,5228.81
1108,7956.19
1109,57341.01
1110,2445.7
1111,12585.33
1112,52546.27
1113,5739.97
1114,54852.78
1115,12251.36
1116,4187.66
1117,59972.12
1118,47214.44
1119,6048.14
1120,4010.55
1121,4830.79
1122,2186.08
1123,5546.49
1124,4980.39
1125,55312.07
1126,6616.05
1127,4745.0
1128,48197.85
1129,5560.84
1130,5821.64
1131,11252.17
1132,6329.9
1133,67734.81
1134,5913.02
1135,6125.52
1136,5841.53
1137,7221.35
1138,27981.87
1139,5842.29
1140,3402.75
1141,4902.77
1142,6609.9
1143,2403.63
1144,6530.49
1145,49272.62
1146,62559.76
1147,10001.08
1148,41206.6
1149,7917.24
1150,2913.03
1151,4494.75
1152,12430.56
1153,4291.88
1154,7593.18
1155,14495.31
1156,7025.28
1157,5057.58
1158,45804.33
1159,6780.59
1160,2788.81
1161,6194.55
1162,6210.67
1163,5745.57
1164,76682.69
1165,6065.815
1166,46676.06
1167,6879.1
1168,5032.34
1169,13085.53
1170,4326.665
1171,5886.56
1172,45046.52
1173,2852.52
1174,6074.85
1175,2869.47
1176,4159.35
1177,2097.86
1178,4635.23
1179,14238.28
1180,4455.76
1181,4919.16
1182,6119.23
1183,50563.82
1184,56965.13
1185,18874.06
1186,6373.0
1187,53360.1
1188,2958.62
1189,5733.27
1190,14546.25
1191,67589.0
1192,59263.18
1193,17319.035
1194,5401.49
1195,3485.85
1196,13216.15
1197,71936.89
1198,14384.72
1199,5769.57
1200,6017.68
1201,11870.47
1202,22401.64
1203,5888.72
1204,49173.31
1205,6135.03
1206,15528.79
1207,4600.56
1208,5226.64
1209,8099.58
1210,5979.41
1211,60168.44
1212,55786.1
1213,3806.78
1214,4276.6
1215,4656.62
1216,16288.26
1217,3840.03
1218,3256.58
1219,60416.3
1220,26320.6
1221,58846.45
1222,3893.84
1223,4340.04
1224,46307.96
1225,57644.76
1226,4585.71
1227,5767.66
1228,4450.19
1229,12039.73
1230,54778.63
1231,4493.99
1232,5119.53
1233,5503.34
1234,5835.97
1235,60333.5
1236,5915.44
1237,63170.18
1238,4259.0
1239,7102.15
1240,11425.7
1241,51704.76
1242,6558.59
1243,56875.37
1244,5708.96
1245,6384.47
1246,5974.57
1247,5393.31
1248,4899.01
1249,6531.55
1250,6966.99
1251,4823.73
1252,55144.29
1253,55264.56
1254,2358.44
1255,3961.17
1256,55101.39
1257,5446.45
1258,5148.92
1259,5527.69
1260,11153.68
1261,4271.02
1262,9946.49
1263,12136.6765
1264,40806.79
1265,4004.48
1266,33387.56333333333
1267,5167.09
1268,8047.21
1269,8969.57
1270,62494.0
1271,7555.78
1272,5178.02
1273,18091.055666666667
1274,11424.05
1275,6281.56
1276,4636.58
1277,71053.95
1278,9534.93
1279,12591.08
1280,62678.6
1281,23872.2
1282,58743.52
1283,4618.89
1284,5984.48
1285,4649.03
1286,55011.91
1287,7113.73
1288,77302.82
1289,4918.09
1290,9148.34
1291,6291.76
1292,49901.48
1293,9941.49
1294,11259.68
1295,6057.77
1296,50682.43
1297,4592.98
1298,11068.38
1299,11996.89
1300,6499.83
1301,7391.81
1302,50356.25
1303,2410.02
1304,4420.5
1305,6766.42
1306,4497.6
1307,4176.23
1308,7871.0
1309,52666.9
1310,78054.28
1311,6127.24
1312,13506.87
1313,49689.31
1314,45136.16
1315,11039.71
1316,13263.57
1317,5458.24
1318,5832.08
1319,2522.8
1320,22876.49
1321,5951.6
1322,8385.35
1323,2124.0
1324,6208.8
1325,57300.64
1326,3567.72
1327,6008.52
1328,70509.75
1329,5848.0
1330,7016.23
1331,6251.82
1332,12971.91
1333,1912.89
1334,11694.035
1335,8483.28
1336,6634.88
1337,41513.94
1338,6364.95
1339,5456.16
1340,7798.43
1341,10846.86
1342,2366.82
1343,2425.57
1344,8202.8
1345,2152.89
1346,67118.4
1347,4735.6
1348,50873.22
1349,5479.34
1350,6266.49
1351,12966.9
1352,10753.54
1353,10582.43
1354,5098.59
1355,8947.09
1356,49145.13
1357,28319.02
1358,11054.34
1359,8872.91
1360,13530.24
1361,4609.89
1362,43307.53
1363,7659.18
1364,12503.08
1365,45108.16
1366,66631.92
1367,11641.77
1368,7261.17
1369,55906.99
1370,51287.8
1371,4935.7
1372,20758.48
1373,6233.38
1374,48015.39
1375,4842.08
1376,10389.05
1377,5169.33
1378,4523.85
1379,4658.12
1380,54104.25
1381,4814.6
1382,71044.77
1383,51055.67
1384,41619.28
1385,6053.91
1386,4509.31
1387,2966.55
1388,5707.61
1389,57077.92
1390,5261.69
1391,49765.63
1392,2189.3
1393,51137.52
1394,50973.02
1395,2694.81
1396,4837.09
1397,6438.23
1398,54687.41
1399,36789.87
1400,67848.03
1401,13611.66
1402,63963.95
1403,6399.21
1404,2410.0
1405,34126.33
1406,9104.41
1407,75532.13
1408,11126.18
1409,4430.12
1410,45744.75
1411,8052.9
1412,6761.04
1413,64987.24
1414,12295.69
1415,54495.94
1416,5685.26
1417,6159.89
1418,2150.0
1419,4865.08
1420,5168.95
1421,57251.16
1422,4548.65
1423,45583.37
1424,6024.64
1425,49723.88
1426,4492.52
1427,8249.34
1428,46590.83
1429,2344.88
1430,4315.5
1431,45123.9
1432,57999.02
1433,3541.75
1434,1800.43
1435,3014.0
1436,70025.40666666668
1437,6484.35
1438,36113.74
1439,55647.48
1440,48400.44
1441,9463.79
1442,61815.29
1443,51794.63
1444,8617.39
1445,61679.62
1446,48094.46
1447,9541.25
1448,43824.91
1449,3004.95
1450,66501.88
1451,3554.67
1452,41181.45
1453,5008.64
1454,6555.94
1455,4390.59
1456,45470.0
1457,57073.71
1458,6196.84
1459,3106.62
1460,3873.92
1461,14173.72
1462,6043.17
1463,48904.18
1464,3030.84
1465,3576.59
1466,2679.06
1467,45983.06
1468,44690.53
1469,51745.75
1470,4106.7875
1471,14121.13
1472,12983.22
1473,4044.81
1474,52719.6
1475,3788.46
1476,12448.12
1477,49588.31
1478,5327.5
1479,7426.395
1480,13792.61
1481,42738.66
1482,42590.02
1483,4198.82
1484,5092.05
1485,6618.76
1486,11843.61
1487,7199.81
1488,42232.82
1489,7108.35
1490,8956.51
1491,9350.42
1492,46186.94
1493,51771.19
1494,9786.4
1495,51638.79
1496,61854.93
1497,2858.82
1498,7783.56
1499,5270.0
1500,6235.21
1501,7641.81
1502,10395.21
1503,4638.74
1504,12908.47
1505,5044.41
1506,58247.08
1507,4104.01
1508,68931.5
1509,49340.93
1510,60959.15
1511,6736.26
1512,56465.27
1513,50554.66
1514,5736.34
1515,44882.78
1516,42483.12
1517,4793.34
1518,5441.48
1519,74158.07
1520,5777.38
1521,4600.69
1522,3233.48
1523,5766.77
1524,56578.39
1525,9500.63
1526,12541.7
1527,13188.66
1528,43616.11
1529,5958.13
1530,7907.2
1531,48029.35
1532,6536.96
1533,40363.09
1534,9226.3
1535,8047.13
1536,44665.7
1537,12025.44
1538,13472.58
1539,4432.95
1540,5259.96
1541,5770.24
1542,56120.2
1543,8823.33
1544,43160.75
1545,27903.29
1546,54701.92
1547,24192.12
1548,10468.68
1549,5657.64
1550,46643.95
1551,6399.78
1552,9727.13
1553,64608.58
1554,7963.61
1555,4855.11
1556,4870.04
1557,7382.31
1558,32903.3
1559,11438.82
1560,79595.82
1561,7792.53
1562,6321.39
1563,59418.5
1564,67762.47
1565,6981.74
1566,6865.72
1567,6028.8
1568,7466.54
1569,57252.22
1570,3087.07
1571,8606.01
1572,4427.97
1573,3358.01
1574,17638.75
1575,53078.89
1576,14550.83
1577,8001.18
1578,55115.47
1579,5201.34
1580,6325.34
1581,51393.01
1582,2542.7
1583,69566.24
1584,4534.71
1585,5342.551666666666
1586,12816.16
1587,4188.99
1588,5376.38
1589,45114.31
1590,71515.36
1591,50851.43
1592,5032.62
1593,8132.91
1594,1854.89
1595,8001.035
1596,3206.34
1597,5921.8
1598,22151.88
1599,5441.41
1600,53663.76
1601,11385.26
1602,11454.79
1603,5980.92
1604,11517.13
1605,7538.69
1606,59612.68
1607,4985.86
1608,6172.41
1609,4619.12
1610,50486.87
1611,3998.58
1612,4946.64
1613,5584.33
1614,5803.4
1615,51672.84
1616,44485.97
1617,53881.0
1618,4932.69
1619,6409.91
1620,53745.72
1621,65481.55
1622,5350.08
1623,4754.37
1624,3735.94
1625,5629.92
1626,6741.43
1627,71055.53
1628,9433.54
1629,42935.51
1630,55734.57
1631,9834.22
1632,5375.81
1633,8604.38
1634,5818.27
1635,9384.59
1636,7487.8
1637,11955.87
1638,10400.25
1639,5326.54
1640,5890.47
1641,68775.13
1642,14197.18
1643,13147.47
1644,7154.91
1645,59970.0
1646,6534.82
1647,59855.93
1648,43978.94
1649,6138.37
1650,13527.04
1651,56410.49
1652,11084.18
1653,56316.66
1654,2444.71
1655,15235.58
1656,4783.12
1657,5801.94
1658,55795.66
1659,4814.54
1660,6146.92
1661,52219.94
1662,6280.08
1663,5728.19
1664,55455.26
1665,5442.15
1666,2531.68
1667,11028.03
1668,7867.34
1669,4783.91
1670,50308.12
1671,56836.12
1672,5126.19
1673,4979.2
1674,13071.2
1675,32960.25
1676,60850.01
1677,1859.23
1678,54771.85
1679,4986.04
1680,56197.56
1681,5800.26
1682,56225.98
1683,5228.81
1684,4780.955
1685,3605.84
1686,3303.28
1687,3590.64
1688,5857.59
1689,1818.34
1690,1595.75
1691,5750.8
1692,5399.78
1693,4798.12
1694,56540.54
1695,2414.8
1696,4051.73
1697,6359.66
1698,3903.97
1699,55131.16
1700,6820.71
1701,5361.27
1702,5959.97
1703,5487.25
1704,2889.07
1705,9304.16
1706,6016.72
1707,5688.82
1708,4480.45
1709,7581.51
1710,4532.3
1711,7152.77
1712,11953.91
1713,6194.7
1714,7982.26
1715,51912.61
1716,5216.4
1717,4453.05
1718,10115.79
1719,2264.01
1720,54387.51
1721,22305.92
1722,5990.11
1723,5981.26
1724,7507.39
1725,67487.28
1726,53933.63
1727,5866.46
1728,52204.63
1729,5706.99
1730,4493.97
1731,58725.32
1732,6089.57
1733,16414.75
1734,5548.72
1735,5986.32
1736,38806.48
1737,56483.9
1738,11881.06
1739,2778.18
1740,4519.69
1741,6007.9
1742,1614.1
1743,2415.6
1744,5840.7
1745,5656.53
1746,2774.19
1747,14788.43
1748,4929.01
1749,52321.26
1750,5669.04
1751,47745.2
1752,11085.61
1753,5433.62
1754,69787.23
1755,6169.86
1756,39372.43
1757,50985.17
1758,8652.72
1759,63368.55
1760,26495.0
1761,57663.65
1762,6489.13
1763,5306.83
1764,2124.0
1765,8417.1
1766,1463.17
1767,5062.45
1768,5865.7
1769,10912.48
1770,6244.27
1771,5556.79
1772,13402.62
1773,59371.32
1774,3565.25
1775,59410.74
1776,7753.76
1777,5182.1
1778,7844.98
1779,1109.46
1780,52898.71
1781,11757.65
1782,4741.86
1783,75267.27
1784,6011.63
1785,42871.8
1786,5959.9
1787,7314.01
1788,6903.16
1789,6449.93
1790,2366.68
1791,4432.96
1792,15621.44
1793,4032.42
1794,5092.24
1795,10139.77
1796,6663.18
1797,5813.62
1798,69388.07
1799,1842.21
1800,5477.6
1801,4359.16
1802,5620.21
1803,2365.76
1804,63478.91
1805,13055.98
1806,3176.37
1807,6564.07
1808,5392.49
1809,6136.62
1810,71227.3
1811,6620.18
1812,5272.25
1813,79165.52
1814,6531.56
1815,7474.17
1816,5983.46
1817,62030.79
1818,4490.56
1819,1961.51
1820,5030.03
1821,9094.68
1822,53565.76
1823,24562.82
1824,7427.02
1825,13761.61
1826,6008.82
1827,14058.46
1828,52482.2
1829,16852.71
1830,7101.67
1831,22153.44
1832,46123.56
1833,5173.18
1834,6218.38
1835,27864.0
1836,2223.54
1837,5783.83
1838,5175.77
1839,12492.04
1840,72057.33
1841,4957.56
1842,52086.59
1843,58589.6
1844,15096.03
1845,16213.78
1846,5942.81
1847,5500.55
1848,6349.57
1849,9408.34
1850,6067.73
1851,9067.2
1852,6184.8
1853,4581.28
1854,11053.78
1855,6303.48
1856,5462.37
1857,56160.14
1858,10682.9
1859,6469.58
1860,8114.58
1861,5940.41
1862,50595.82
1863,5018.57
1864,3635.36
1865,62103.68
1866,14864.26
1867,5679.91
1868,5037.25
1869,4618.05
1870,6489.71
1871,3598.93
1872,68416.59
1873,11365.91
1874,10755.29
1875,5114.205
1876,6730.61
1877,15500.1
1878,44593.61
1879,4843.82
1880,2543.36
1881,13835.54
1882,8496.67
1883,10264.12
1884,5949.0
1885,2665.29
1886,2510.77
1887,53454.15
1888,7256.54
1889,4495.07
1890,58605.47
1891,6127.35
1892,5817.49
1893,4688.47
1894,5651.44
1895,6075.82
1896,54603.71
1897,10394.0
1898,1944.48
1899,4549.62
1900,8860.77
1901,4970.89
1902,5157.73
1903,6688.56
1904,5594.93
1905,12894.86
1906,43014.75
1907,1739.96
1908,6677.84
1909,5887.96
1910,3511.09
1911,10750.29
1912,8236.08
1913,4875.58
1914,16011.7
1915,6250.19
1916,5970.69
1917,42362.04
1918,7035.2
1919,4942.78
1920,6601.21
1921,6131.68
1922,72584.77
1923,2431.24
1924,63848.43
1925,5818.07
1926,4017.4
1927,56523.36
1928,7060.62
1929,5293.71
1930,2249.94
1931,8495.05
1932,6296.91
1933,11053.72
1934,13205.06
1935,3502.4
1936,54665.99
1937,8382.98
1938,6208.8
1939,5065.89
1940,2477.37
1941,52385.75
1942,11345.22
1943,6705.57
1944,5818.5
1945,49931.74
1946,3497.06
1947,12695.92
1948,5056.63
1949,5144.57
1950,8363.78
1951,1952.18
1952,7510.6
1953,48504.47
1954,10242.14
1955,61344.82
1956,18948.52
1957,5026.94
1958,49905.84
1959,4384.64
1960,5589.1
1961,51472.92
1962,7961.62
1963,41381.65
1964,54494.07
1965,3509.88
1966,34594.5
1967,9459.23
1968,3100.37
1969,13949.48
1970,5493.11
1971,4644.07
1972,2093.87
1973,39651.29
1974,3698.09
1975,13790.4
1976,4229.08
1977,5569.03
1978,54357.64
1979,4601.39
1980,5764.85
1981,4989.46
1982,60555.96
1983,38460.91
1984,5000.02
1985,65792.66
1986,56952.02
1987,12010.95
1988,46707.51
1989,55688.67
1990,48059.32
1991,7732.45
1992,5460.16
1993,4877.21
1994,3685.03
1995,2346.7
1996,1790.55
1997,12602.27
1998,4673.5
1999,1714.94
2000,6977.25
2001,65659.24
2002,4239.8
2003,4021.31
2004,67347.78
2005,2355.36
2006,7349.91
2007,47936.06
2008,33379.95
2009,62296.84
2010,10921.89
2011,4681.98
2012,5361.26
2013,5184.27
2014,14658.72
2015,12134.26
2016,11684.04
2017,9936.25
2018,10134.69
2019,10811.48
2020,4470.06
2021,9118.93
2022,6155.26
2023,5680.34
2024,10154.97
2025,14226.14
2026,8572.08
2027,2424.06
2028,5993.09
2029,6722.39
2030,4769.12
2031,16702.53
2032,54089.54
2033,2856.83
2034,31637.89
2035,42039.02
2036,6282.79
2037,3497.07
2038,52843.97
2039,64817.85
2040,55714.24
2041,60486.78
2042,6346.94
2043,4952.97
2044,6908.74
2045,51012.77
2046,54820.16
2047,40084.66
2048,4272.03
2049,5500.51
2050,4978.75
2051,2277.6
2052,40531.52
2053,55444.92
2054,6811.15
2055,47392.18
2056,44614.97
2057,62298.87
2058,6352.18
2059,4234.8
2060,4472.93
2061,65211.7
2062,4854.2
2063,5231.24
2064,5310.47
2065,6355.79
2066,5578.86
2067,7606.45
2068,8737.04
2069,8155.39
2070,4915.57
2071,3282.09
2072,67517.81
2073,4464.87
2074,5661.58
2075,64142.08
2076,11765.22
2077,1645.03
2078,7257.44
2079,5950.46
2080,4511.65
2081,45071.5
2082,5651.09
2083,5249.16
2084,1746.55
2085,49723.88
2086,5533.18
2087,64306.25
2088,63442.35
2089,4678.05
2090,3932.49
2091,11758.04
2092,5014.38
2093,3921.82
2094,59195.15
2095,16301.92
2096,56149.52
2097,11656.29
2098,5958.02
2099,55215.82
2100,8447.17
2101,7449.13
2102,3491.89
2103,71933.27
2104,63698.53
2105,49744.82
2106,5478.51
2107,8212.58
2108,3526.05
2109,11342.43
2110,55486.91
2111,4711.9
2112,7124.81
2113,3747.71
2114,57208.13
2115,6497.08
2116,45511.99
2117,4824.53
2118,4492.01
2119,49340.21
2120,5459.16
2121,47357.36
2122,6791.34
2123,49297.81
2124,7510.27
2125,63880.8
2126,3612.28
2127,48715.56
2128,3859.87
2129,61184.79
2130,5067.13
2131,50390.69
2132,58950.35
2133,3808.8
2134,4579.27
2135,3238.34
2136,3469.79
2137,5893.21
2138,51945.33
2139,5032.77
2140,8373.3
2141,5033.71
2142,56215.01
2143,6902.12
2144,51852.95
2145,4419.75
2146,5384.88
2147,4386.15
2148,5129.15
2149,9082.85
2150,5957.3
2151,6313.27
2152,8215.3
2153,46004.76
2154,50191.5
2155,32515.41
2156,5632.69
2157,13229.75
2158,14232.61
2159,10911.83
2160,8037.31
2161,51592.46
2162,4661.24
2163,55170.9
2164,6862.33
2165,8092.06
2166,4284.16
2167,44851.07
2168,57423.6
2169,6064.67
2170,5071.6
2171,49732.59
2172,4813.06
2173,4918.2
2174,2916.29
2175,4981.42
2176,40777.01
2177,49911.58
2178,54970.62
2179,7444.54
2180,64179.36
2181,3264.58
2182,42379.89
2183,41557.83
2184,4832.91
2185,6536.38
2186,9234.41
2187,15464.21
2188,7929.03
2189,5864.66
2190,9034.25
2191,44262.08
2192,6158.06
2193,6269.23
2194,2232.8
2195,5587.06
2196,58080.87
2197,61828.87
2198,56005.67
2199,2963.55
2200,5198.65
2201,5542.24
2202,5428.48
2203,6316.91
2204,9838.11
2205,4795.4
2206,4783.05
2207,78119.24
2208,5184.88
2209,68277.21
2210,12314.77
2211,12656.02
2212,48360.98
2213,69890.47
2214,11367.59
2215,4501.01
2216,7006.16
2217,57027.65
2218,56278.2
2219,3066.88
2220,54733.53
2221,5350.5
2222,3060.42
2223,5725.05
2224,4412.84
2225,3855.64
2226,6497.61
2227,5124.0
2228,11450.39
2229,12116.22
2230,4362.95
2231,2328.6
2232,57464.4
2233,17381.09
2234,6417.0
2235,55142.85
2236,5076.68
2237,12126.625
2238,4467.15
2239,6913.8
2240,57162.1
2241,10574.37
2242,5053.49
2243,52777.14
2244,2150.0
2245,5200.74
2246,8407.85
2247,3584.95
2248,7008.2
2249,5103.18
2250,7094.03
2251,10801.31
2252,52753.99
2253,8293.36
2254,44394.06
2255,4378.71
2256,6165.2
2257,3350.32
2258,6280.26
2259,5606.21
2260,7258.56
2261,7294.77
2262,11009.28
2263,10865.37
2264,7365.85
2265,2570.33
2266,25489.64
2267,41748.48
2268,11062.48
2269,5824.76
2270,5183.69
2271,3313.96
2272,5532.21
2273,2125.06
2274,50428.36
2275,43724.44
2276,2636.81
2277,10091.91
2278,2433.62
2279,8045.87
2280,42526.11
2281,4319.23
2282,63158.68
2283,60887.39
2284,8459.01
2285,7131.58
2286,48607.93
2287,73585.07
2288,2339.91
2289,5888.82
2290,3913.82
2291,5003.03
2292,2234.32
2293,19244.1475
2294,8689.51
2295,4969.6
2296,6391.78
2297,27864.0
2298,6522.68
2299,10459.4
2300,3610.17
2301,47968.88
2302,5424.7
2303,54928.03
2304,7741.58
2305,45699.52
2306,5976.25
2307,16377.95
2308,68588.48
2309,4359.29
2310,7851.65
2311,59200.45
2312,12149.84
2313,47343.09
2314,5188.79
2315,15033.48
2316,5103.01
2317,53335.18
2318,23224.94
2319,13079.36
2320,6568.67
2321,55206.44
2322,3986.35
2323,14977.71
2324,8862.18
2325,5614.1
2326,5663.05
2327,11763.85
2328,34412.09
2329,6523.91
2330,5894.45
2331,46782.69
2332,9443.08
2333,7216.41
2334,10283.17
2335,48366.68
2336,50874.51
2337,54993.71
2338,2261.14
2339,39710.24
2340,8806.63
2341,40555.09
2342,4952.8
2343,45135.72
2344,6422.1
2345,54770.98
2346,4367.17
2347,8619.16
2348,10787.76
2349,5941.04
2350,54404.4
2351,4133.28
2352,4743.29
2353,5074.62
2354,2515.09
2355,5774.63
2356,49448.81
2357,59918.81
2358,4990.07
2359,5683.14
2360,7282.1625
2361,57716.84
2362,65209.44
2363,4763.17
2364,50187.28
2365,6563.18
2366,61701.38
2367,4204.97
2368,71975.33
2369,59025.23
2370,6093.67
2371,6069.08
2372,5129.23
2373,5954.52
2374,4558.3
2375,4201.17
2376,44724.77
2377,13223.84
2378,55542.57
2379,4813.32
2380,24479.43
2381,3885.38
2382,10249.84
2383,82303.48
2384,8526.29
2385,10401.13
2386,54866.25
2387,5176.09
2388,6042.72
2389,4648.97
2390,48768.21
2391,5022.85
2392,11063.3
2393,7526.15
2394,13558.2
2395,22151.76
2396,50079.04
2397,4385.05
2398,8897.75
2399,6339.37
2400,16048.48
2401,58676.82
2402,4586.92
2403,26226.893333333333
2404,43661.09
2405,6410.07
2406,4247.19
2407,5316.53
2408,10089.11
2409,12100.74
2410,40192.96
2411,6754.61
2412,6001.81
2413,4444.81
2414,60968.24
2415,9620.35
2416,43165.81
2417,11186.47
2418,4925.44
2419,5847.7
2420,6237.9
2421,7228.97
2422,65175.6
2423,4490.24
2424,2477.27
2425,5185.39
2426,63198.15
2427,5387.66
2428,53083.68
2429,59899.06
2430,13116.46
2431,22152.0
2432,66904.12
2433,7510.7
2434,5161.77
2435,7805.35
2436,4466.32
2437,55901.58
2438,48064.78
2439,4490.23
2440,56902.52
2441,4433.96
2442,6418.38
2443,6005.81
2444,2500.43
2445,3001.92
2446,13424.28
2447,6607.09
2448,7631.34
2449,4831.59
2450,6328.23
2451,3891.45
2452,11495.02
2453,7588.44
2454,49447.78
2455,14316.94
2456,53416.83
2457,23908.04
2458,17283.38
2459,40415.15
2460,44222.91
2461,6499.67
2462,6150.2
2463,5615.01
2464,7597.098333333333
2465,4491.73
2466,2190.04
2467,4924.1900000000005
2468,6361.27
2469,5263.6
2470,5876.44
2471,7539.14
2472,4340.41
2473,4625.72
2474,5492.52
2475,9065.45
2476,4923.06
2477,4082.2
2478,13252.75
2479,91404.85
2480,5291.94
2481,35972.24
2482,6004.63
2483,63054.73
2484,52788.05
2485,59715.26
2486,5648.76
2487,5394.63
2488,54082.94
2489,2408.67
2490,8221.34
2491,58031.38
2492,13401.33
2493,4699.28
2494,4314.75
2495,3876.98
2496,5273.15
2497,2502.65
2498,10336.57
2499,66003.31
2500,3710.41
2501,53040.04
2502,12012.08
2503,3120.13
2504,13622.09
2505,53637.3
2506,2953.8
2507,17602.88
2508,8934.94
2509,4127.64
2510,4544.77
2511,51247.09
2512,11324.42
2513,3473.67
2514,5986.92
2515,13268.06
2516,5207.29
2517,2292.25
2518,52829.41
2519,72450.74
2520,60452.21
2521,5689.27
2522,85599.15
2523,55732.02
2524,49064.6
2525,65626.78
2526,6284.41
2527,6362.84
2528,14475.64
2529,3618.0
2530,7865.156666666666
2531,58010.69
2532,60376.11
2533,4505.97
2534,49119.18
2535,6116.95
2536,7752.33
2537,4098.79
2538,8421.49
2539,3089.44
2540,56569.94
2541,12020.73
2542,12176.74
2543,25914.53
2544,23214.26
2545,4772.37
2546,54512.42
2547,4978.09
2548,2224.68
2549,44119.09
2550,6661.05
2551,4664.2405
2552,8956.96
2553,6646.3
2554,45128.6
2555,65371.81
2556,8232.28
2557,5878.4
2558,2267.56
2559,3094.04
2560,7589.82
2561,6577.53
2562,5793.44
2563,12566.63
2564,4539.34
2565,13126.57
2566,13996.42
2567,3797.86
2568,8160.66
2569,7481.28
2570,51488.88
2571,60138.53
2572,2124.0
2573,3200.58
2574,52589.8
2575,4561.94
2576,49207.18
2577,67598.22
2578,8247.63
2579,4173.09
2580,67863.43
2581,52371.13
2582,58370.7
2583,45289.81
2584,5144.97
2585,6073.09
2586,4631.88
2587,53308.84
2588,5986.53
2589,4734.82
2590,6002.76
2591,4003.56
2592,3399.22
2593,6356.03
2594,44860.27
2595,10775.64
2596,38891.53333333333
2597,12855.59
2598,61704.29
2599,5061.68
2600,68984.6
2601,10894.2
2602,4005.29
2603,61072.58
2604,4686.07
2605,14009.44
2606,57027.82
2607,6984.3
2608,5612.65
2609,4479.41
2610,5312.27
2611,9238.55
2612,12325.08
2613,3436.98
2614,5954.54
2615,46056.19
2616,6684.77
2617,4498.03
2618,68623.3
2619,14040.85
2620,9356.0
2621,2478.42
2622,4026.36
2623,6828.58
2624,55750.55
2625,57385.42
2626,5903.95
2627,64601.64
2628,56628.26
2629,55410.63
2630,7325.2
2631,5453.12
2632,4813.16
2633,56695.4
2634,10059.85
2635,3241.8
2636,4036.65
2637,7506.545
2638,66614.05
2639,12160.16
2640,5870.69
2641,4091.2
2642,57208.97
2643,39860.09
2644,4023.36
2645,3989.59
2646,2532.89
2647,33603.57
2648,9735.865
2649,6462.87
2650,55911.15
2651,56561.9
2652,2318.79
2653,5504.18
2654,3987.44
2655,4653.55
2656,5020.64
2657,52074.45
2658,58366.02
2659,53336.12
2660,49725.0
2661,63205.33
2662,2107.99
2663,56584.83
2664,7585.36
2665,5615.23
2666,41505.26
2667,55111.35
2668,54742.24
2669,61326.66
2670,6184.2
2671,11191.02
2672,5181.19
2673,10036.85
2674,4524.93
2675,6659.45
2676,6741.25
2677,2410.0
2678,3110.43
2679,2594.59
2680,5820.76
2681,5471.57
2682,7945.99
2683,3467.01
2684,5961.31
2685,4911.69
2686,6113.29
2687,61515.07
2688,48938.95
2689,12427.84
2690,13279.78
2691,24255.58
2692,4783.94
2693,9864.23
2694,2222.06
2695,10353.01
2696,3827.23
2697,7880.25
2698,11531.88
2699,60871.16
2700,50110.24
2701,45321.73
2702,3107.19
2703,7277.12
2704,4494.86
2705,13971.58
2706,5863.5
2707,38414.01
2708,49723.88
2709,6120.25
2710,53302.24
2711,4933.94
2712,6152.51
2713,4548.38
2714,56549.3
2715,6144.59
2716,5125.12
2717,55015.2
2718,4421.34
2719,5974.64
2720,6859.72
2721,2414.67
2722,11772.3
2723,65557.15
2724,17128.47
2725,2803.08
2726,3715.56
2727,5748.15
2728,4655.49
2729,2679.0
2730,9533.08
2731,56016.87
2732,2432.77
2733,6276.09
2734,51434.44
2735,5082.76
2736,6883.42
2737,49710.81
2738,4554.09
2739,58439.31
2740,5390.66
2741,8734.55
2742,6559.21
2743,72683.18
2744,5372.35
2745,54841.58
2746,6615.66
2747,4217.34
2748,58683.62
2749,5825.56
2750,11261.28
2751,58329.88
2752,6788.75
2753,64898.98
2754,4861.95
2755,5637.6
2756,5903.72
2757,62240.72
2758,3383.43
2759,43108.06
2760,7276.22
2761,53565.76
2762,16513.97
2763,6476.56
2764,53882.15
2765,13393.42
2766,8901.82
2767,7858.91
2768,56229.54
2769,10935.12
2770,46144.52
2771,3593.77
2772,2822.95
2773,3377.82
2774,2990.18
2775,10981.08
2776,7548.02
2777,9424.83
2778,12491.73
2779,10165.53
2780,52210.94
2781,47089.73
2782,8462.76
2783,7655.33
2784,12269.98
2785,6756.18
2786,4268.36
2787,6745.39
2788,6009.0
2789,6291.14
2790,3117.01
2791,2379.98
2792,1836.47
2793,51798.86
2794,4490.54
2795,52241.93
2796,8453.31
2797,10631.13
2798,5922.49
2799,48144.44
2800,6408.15
2801,5893.98
2802,4187.08
2803,27864.0
2804,4293.65
2805,6173.12
2806,60482.6
2807,66673.37
2808,4817.54
2809,55555.84
2810,6199.84
2811,4421.4
2812,6388.86
2813,11838.3
2814,1840.04
2815,8722.6
2816,8022.67
2817,7489.38
2818,5704.79
2819,2455.91
2820,4329.97
2821,7397.01
2822,5773.6
2823,4257.81
2824,4846.92
2825,2533.91
2826,7266.96
2827,4890.96
2828,55265.45
2829,8198.46
2830,4639.8
2831,2729.11
2832,6731.75
2833,4876.85
2834,5094.39
2835,9750.3
2836,2246.25
2837,7101.9
2838,46099.34
2839,55283.23
2840,5471.56
2841,43128.22
2842,47775.55
2843,55003.88
2844,56578.23
2845,2653.82
2846,5277.88
2847,23596.84
2848,7258.69
2849,2760.77
2850,54973.12
2851,5472.81
2852,6213.6
2853,50337.35
2854,53609.37
2855,12806.89
2856,8484.15
2857,51153.31
2858,5592.95
2859,17602.88
2860,5957.26
2861,4273.54
2862,7347.77
2863,4301.36
2864,59579.42
2865,3052.49
2866,2867.48
2867,5407.6
2868,13118.9
2869,53079.12
2870,11193.75
2871,43737.67
2872,53989.57
2873,10458.04
2874,12380.78
2875,6268.14
2876,5950.98
2877,5509.37
2878,7641.11
2879,10539.24
2880,33136.17
2881,2847.3
2882,52633.93
2883,46200.3
2884,7497.48
2885,3561.52
2886,43942.29
2887,7653.33
2888,23882.68
2889,3060.07
2890,1783.92
2891,5734.27
2892,42907.38
2893,6258.42
2894,4235.33
2895,8107.34
2896,15470.06
2897,5156.5
2898,3082.11
2899,12341.89
2900,6635.84
2901,4863.49
2902,55969.65
2903,13187.45
2904,51747.99
2905,5269.21
2906,49456.08
2907,5615.28
2908,49444.96
2909,48886.38
2910,10480.96
2911,6959.37
2912,6200.0
2913,5913.74
2914,55658.31
2915,5508.43
2916,5703.98
2917,4982.0
2918,9710.84
2919,56588.8
2920,12541.27
2921,3120.81
2922,7915.26
2923,11941.95
2924,45404.34
2925,15196.87
2926,7603.1
2927,5126.49
2928,5284.16
2929,43050.69
2930,9495.15
2931,16774.06
2932,5669.34
2933,61639.55
2934,13925.03
2935,58244.15
2936,48311.24
2937,8440.59
2938,7029.08
2939,5640.92
2940,4463.41
2941,55048.49
2942,6039.32
2943,7805.72
2944,2386.34
2945,15190.31
2946,61948.56
2947,12702.07
2948,42491.12
2949,4415.56
2950,5899.36
2951,6474.78
2952,7818.74
2953,58470.16
2954,17101.25
2955,48368.71
2956,13004.62
2957,5838.44
2958,5764.78
2959,6852.09
2960,6754.18
2961,3823.03
2962,2857.69
2963,10516.76
2964,7886.27
2965,54545.23
2966,4020.07
2967,4920.86
2968,53030.91
2969,4854.69
2970,17794.0
2971,5647.85
2972,7986.39
2973,2231.53
2974,8856.94
2975,47957.84
2976,54004.51
2977,15852.68
2978,4963.56
2979,6264.27
2980,5555.495
2981,5568.11
2982,52228.73
2983,12367.8
2984,57968.0
2985,5264.67
2986,6456.74
2987,7472.19
2988,66271.91
2989,12776.435
2990,3743.7
2991,67289.09
2992,46187.8
2993,1891.05
2994,4801.04
2995,3183.97
2996,46240.07
2997,6152.3
2998,44518.37
2999,5981.13
3000,6069.33
3001,6719.25
3002,58264.47
3003,4017.18
3004,6093.59
3005,4790.25
3006,47692.35
3007,6595.94
3008,52897.12
3009,7508.96
3010,64779.62
3011,7434.77
3012,5570.6
3013,3007.63
3014,42280.28
3015,44745.79
3016,46658.07
3017,68011.18
3018,56754.96
3019,8811.62
3020,3488.1
3021,5359.93
3022,4101.55
3023,2741.45
3024,6640.82
3025,5066.44
3026,7610.52
3027,61622.96
3028,6881.12
3029,6901.23
3030,5935.57
3031,4059.23
3032,6111.02
3033,60100.11
3034,6217.43
3035,47921.18
3036,4362.17
3037,5936.16
3038,5013.33
3039,16007.27
3040,47581.3
3041,5439.17
3042,13063.04
3043,4014.04
3044,3892.59
3045,7233.14
3046,4171.48
3047,63759.39
3048,9556.62
3049,60526.65
3050,2153.09
3051,47547.95
3052,55149.64
3053,6129.07
3054,54684.0
3055,53312.21
3056,3673.04
3057,8225.7
3058,60396.21
3059,2349.52
3060,4202.65
3061,53993.67
3062,5624.14
3063,3084.12
3064,12080.32
3065,6199.27
3066,26156.03
3067,4657.05
3068,2256.89
3069,7160.26
3070,9103.44
3071,6089.43
3072,54739.65
3073,6586.32
3074,2618.13
3075,6025.72
3076,46778.77
3077,11209.59
3078,4009.34
3079,2344.56
3080,3414.8
3081,42643.47
3082,15217.57
3083,12104.5
3084,7524.73
3085,12560.39
3086,10632.09
3087,10330.436666666666
3088,4481.27
3089,4699.62
3090,7927.7
3091,3486.96
3092,7584.5
3093,6135.61
3094,5620.72
3095,5099.32
3096,6382.45
3097,5797.9
3098,54547.13
3099,7026.74
3100,6070.91
3101,55069.33
3102,29870.95
3103,5625.78
3104,8927.25
3105,7179.02
3106,20305.34
3107,47405.76
3108,48222.5
3109,5957.56
3110,61962.86
3111,48055.78
3112,5768.9
3113,5536.57
3114,2393.18
3115,49484.16
3116,3583.1
3117,9320.18
3118,4084.985
3119,7464.93
3120,59724.32
3121,63317.44666666666
3122,55424.11
3123,2989.5
3124,62017.76
3125,31721.68
3126,4519.33
3127,5930.39
3128,56816.39
3129,52591.3
3130,2201.09
3131,6485.12
3132,11600.54
3133,4474.07
3134,2345.03
3135,6289.56
3136,65312.12
3137,58090.94
3138,7632.96
3139,5483.08
3140,51433.65
3141,4406.53
3142,50350.41
3143,47686.67
3144,4986.92
3145,11751.04
3146,48271.5
3147,2877.45
3148,4156.63
3149,6837.62
3150,1765.32
3151,59659.85
3152,6520.43
3153,15324.36
3154,49655.75
3155,7200.31
3156,5672.8
3157,5116.03
3158,6418.54
3159,5479.36
3160,10734.13
3161,4033.89
3162,38372.83
3163,85326.32
3164,6985.61
3165,13292.62
3166,5961.6
3167,1987.02
3168,40828.7
3169,6061.32
3170,5828.5
3171,5424.94
3172,13735.835
3173,11462.8
3174,5999.55
3175,5949.11
3176,5958.33
3177,4993.67
3178,3792.83
3179,7131.64
3180,9219.76
3181,62424.22
3182,57289.13
3183,12989.16
3184,2537.93
3185,3934.83
3186,4484.13
3187,4751.92
3188,7735.56
3189,3992.55
3190,5806.33
3191,53232.48
3192,58659.91
3193,43333.41
3194,61632.67
3195,53249.9
3196,6555.45
3197,5278.4
3198,43770.25
3199,73490.45
3200,65252.92
3201,10576.69
3202,9999.98
3203,9379.11
3204,12862.48
3205,35764.07
3206,6211.66
3207,71236.57
3208,5625.89
3209,78329.24
3210,6595.28
3211,5586.75
3212,3754.32
3213,4698.0
3214,5825.52
3215,54656.07
3216,4540.13
3217,23186.28
3218,6233.18
3219,5244.02
3220,36430.35
3221,51346.4
3222,4713.54
3223,49845.1
3224,6582.84
3225,5433.11
3226,60094.18
3227,5316.88
3228,4231.34
3229,4826.86
3230,7066.42
3231,9147.53
3232,5147.9
3233,8472.79
3234,5550.69
3235,13405.74
3236,2507.43
3237,4341.86
3238,5763.83
3239,2033.48
3240,5052.81
3241,3417.56
3242,5953.31
3243,4928.39
3244,60957.99
3245,40182.41
3246,54925.64
3247,56911.86
3248,5205.15
3249,10385.82
3250,9896.31
3251,51692.97
3252,5645.38
3253,74766.28
3254,5733.14
3255,4471.08
3256,5976.27
3257,70528.34
3258,54125.92
3259,6046.22
3260,5198.88
3261,26219.64333333334
3262,2303.34
3263,6320.96
3264,14116.92
3265,6670.89
3266,3234.6
3267,3212.4
3268,6028.56
3269,2389.62
3270,7153.7
3271,2647.94
3272,17267.05
3273,6526.76
3274,5723.36
3275,6056.97
3276,21770.04
3277,2803.2
3278,57230.78
3279,52112.31
3280,5522.56
3281,5982.6
3282,5845.74
3283,6234.11
3284,4493.65
3285,5599.64
3286,5152.49
3287,13169.84
3288,4245.66
3289,12615.25
3290,8419.87
3291,52322.57
3292,7771.21
3293,11074.43
3294,61108.03
3295,59144.82
3296,53100.39
3297,4850.16
3298,5995.73
3299,4674.95
3300,3947.11
3301,14052.38
3302,6632.8
3303,54637.87
3304,4038.0
3305,5594.49
3306,5428.03
3307,5611.09
3308,55497.85
3309,4488.43
3310,40392.34
3311,5775.7
3312,37464.97
3313,13676.045
3314,5369.49
3315,7080.59
3316,27783.86
3317,6013.83
3318,10428.84
3319,56276.41
3320,5759.08
3321,2747.85
3322,5625.85
3323,4526.29
3324,3557.44
3325,7344.35
3326,3538.99
3327,47558.33
3328,14219.1
3329,4831.36
3330,6375.08
3331,12494.95
3332,3082.93
3333,6689.53
3334,7376.32
3335,54348.9
3336,57557.01
3337,12842.53
3338,4052.27
3339,60629.89
3340,5025.24
3341,9484.1
3342,4852.08
3343,2133.92
3344,2679.72
3345,44633.67
3346,56540.18
3347,12447.17
3348,4718.4
3349,66862.52
3350,54384.34
3351,5036.75
3352,6565.53
3353,5794.18
3354,5233.12
3355,11230.01
3356,6683.94
3357,6236.43
3358,13003.17
3359,2625.07
3360,56105.69
3361,57923.53
3362,4551.26
3363,10351.62
3364,2643.72
3365,5588.36
3366,8382.93
3367,8012.4
3368,12443.81
3369,5596.23
3370,8510.0
3371,3699.65
3372,1929.09
3373,33038.87
3374,7816.61
3375,53006.93
3376,40964.59
3377,10354.21
3378,4668.18
3379,54469.83
3380,52434.68
3381,5943.05
3382,2420.1
3383,9840.4
3384,2743.54
3385,3041.0
3386,68315.85
3387,5283.03
3388,14222.63
3389,8904.76
3390,4491.7
3391,58321.37
3392,35815.54
3393,43596.02
3394,60372.8
3395,53685.95
3396,57368.34
3397,3309.84
3398,2827.26
3399,49733.62
3400,5767.3
3401,59534.95
3402,56738.0
3403,9651.64
3404,14011.65
3405,19425.96
3406,5920.87
3407,14152.98
3408,5523.43
3409,8060.53
3410,57424.5
3411,4555.55
3412,8630.91
3413,2341.75
3414,2234.32
3415,40676.76
3416,8983.08
3417,52602.63
3418,71550.25
3419,6090.93
3420,5994.82
3421,4885.48
3422,15436.97
3423,4264.89
3424,9981.39
3425,54265.89
3426,22797.72
3427,19333.69
3428,49837.01
3429,6764.64
3430,44756.27
3431,3711.89
3432,5068.52
3433,5979.69
3434,5780.8
3435,4739.15
3436,12209.45
3437,60230.59
3438,10946.91
3439,5307.0
3440,5234.29
3441,6132.4
3442,11063.75
3443,55194.66
3444,4784.77
3445,7052.51
3446,48281.16
3447,6333.26
3448,6217.44
3449,56030.3
3450,5063.13
3451,4885.34
3452,4586.08
3453,58124.56
3454,3666.6
3455,13282.2
3456,56606.4
3457,43243.32
3458,14127.49
3459,53795.28
3460,50857.6
3461,2663.48
3462,6134.41
3463,3622.81
3464,4983.71
3465,60552.33
3466,4329.6
3467,5114.98
3468,47146.81
3469,63466.65
3470,2034.87
3471,45980.96
3472,68076.25
3473,56660.27
3474,53709.21
3475,23903.14
3476,17374.1
3477,4202.92
3478,11950.3
3479,59817.24
3480,4125.99
3481,5191.83
3482,42943.48
3483,37463.32
3484,27656.96
3485,59829.84
3486,6216.33
3487,11862.61
3488,17501.51
3489,5387.84
3490,41435.33
3491,6829.56
3492,12727.94
3493,32200.19666666667
3494,3154.46
3495,9030.73
3496,14111.83
3497,7597.49
3498,7081.1
3499,5587.07
3500,5511.27
3501,13816.0875
3502,61039.9
3503,45044.73
3504,15098.14
3505,59275.04
3506,13959.74
3507,5382.26
3508,5663.27
3509,3432.35
3510,59740.82
3511,3640.94
3512,58724.09
3513,4762.82
3514,52257.54
3515,9810.78
3516,2682.7
3517,13477.1
3518,11566.735
3519,7802.73
3520,5522.44
3521,13889.55
3522,6007.82
3523,5104.225
3524,2365.99
3525,5492.81
3526,6324.94
3527,48929.24
3528,5892.96
3529,4611.78
3530,5562.53
3531,4233.67
3532,8702.263333333332
3533,7911.99
3534,2715.06
3535,41302.55
3536,42624.4
3537,4533.45
3538,5394.23
3539,5858.05
3540,4988.66
3541,3312.44
3542,1964.29
3543,7134.07
3544,2235.17
3545,3967.73
3546,3459.83
3547,4734.01
3548,30026.38
3549,56271.87
3550,49469.83
3551,5815.23
3552,5187.28
3553,4529.62
3554,43840.97
3555,60506.88
3556,4836.78
3557,4857.27
3558,5597.06
3559,9698.09
3560,61365.21
3561,56425.57
3562,7258.57
3563,7817.95
3564,3061.05
3565,14084.92
3566,2841.18
3567,7336.06
3568,3752.56
3569,3287.26
3570,64372.56
3571,2489.44
3572,3307.63
3573,6465.04
3574,12344.46
3575,63266.78
3576,55627.81
3577,12262.6
3578,3944.33
3579,5355.66
3580,51553.77
3581,53505.34
3582,75493.74
3583,22151.4
3584,34518.23
3585,53498.16
3586,4226.32
3587,6066.87
3588,53726.53
3589,54216.79
3590,14893.63
3591,5294.75
3592,54496.14
3593,11575.74
3594,8342.83
3595,7262.92
3596,10993.31
3597,52337.78
3598,7357.93
3599,54299.26
3600,2337.74
3601,4345.9
3602,5967.05
3603,12032.75
3604,7813.67
3605,46478.66
3606,7808.19
3607,40862.43
3608,57999.43
3609,5112.19
3610,5703.08
3611,65352.25
3612,12890.91
3613,4771.01
3614,65251.22
3615,5028.28
3616,11192.83
3617,4223.29
3618,12286.1
3619,6593.74
3620,4757.45
3621,11692.57
3622,49333.28
3623,4898.56
3624,10441.03
3625,60582.91
3626,24359.4
3627,11692.45
3628,8560.59
3629,6620.42
3630,2461.03
3631,5037.18
3632,10101.12
3633,8478.28
3634,8641.64
3635,61558.24
3636,11556.85
3637,1818.1
3638,3602.37
3639,2928.95
3640,3958.98
3641,3544.01
3642,5579.73
3643,60510.78
3644,5185.02
3645,3426.23
3646,5694.85
3647,6577.28
3648,40529.44
3649,56321.41
3650,4496.68
3651,6870.92
3652,52641.48
3653,6807.5
3654,5336.08
3655,10756.89
3656,5745.31
3657,3466.91
3658,49190.1
3659,3781.01
3660,3649.66
3661,56994.82
3662,1805.65
3663,60069.72
3664,6321.52
3665,4728.72
3666,41790.51
3667,8592.66
3668,12192.7
3669,4778.61
3670,13321.88
3671,3212.17
3672,49231.12
3673,50101.24
3674,2722.92
3675,12140.05
3676,7517.63
3677,3267.29
3678,7298.23
3679,3297.5
3680,3830.93
3681,65245.32
3682,59371.79
3683,7360.05
3684,42835.08
3685,58566.71
3686,3388.92
3687,4005.86
3688,41864.74
3689,60535.19
3690,4720.47
3691,5546.75
3692,6307.1
3693,8971.52
3694,70023.29333333333
3695,6176.25
3696,4333.81
3697,4857.32
3698,68631.79
3699,57273.86
3700,2326.07
3701,16460.688857142857
3702,6673.09
3703,1776.09
3704,5715.0
3705,5971.03
3706,14365.2
3707,7956.68
3708,4500.3
3709,9079.27
3710,36105.15
3711,54894.17
3712,53209.96
3713,14040.1
3714,2628.28
3715,6765.57
3716,5052.44
3717,8120.88
3718,9540.81
3719,3882.55
3720,23034.44
3721,3953.0
3722,4571.14
3723,6251.85
3724,4159.33
3725,62200.9
3726,61896.6
3727,4760.86
3728,54782.65
3729,12511.45
3730,7532.13
3731,6618.23
3732,3257.71
3733,4409.32
3734,5269.92
3735,54313.36
3736,4029.47
3737,12942.38
3738,9867.18
3739,6374.06
3740,54608.0
3741,59302.04
3742,7469.91
3743,6455.59
3744,24650.54
3745,54024.92
3746,9422.7
3747,73059.88
3748,9976.54
3749,10405.39
3750,6804.46
3751,6015.7
3752,48154.01
3753,8996.98
3754,64861.02
3755,4813.32
3756,32025.04
3757,6434.67
3758,7472.19
3759,6293.37
3760,9462.62
3761,4761.42
3762,1719.85
3763,63950.08
3764,48990.5
3765,3631.25
3766,3206.16
3767,2342.77
3768,50812.52
3769,52336.76
3770,4500.1
3771,7124.89
3772,2929.62
3773,7475.32
3774,9476.2
3775,3420.82
3776,7618.25
3777,6005.46
3778,5243.31
3779,5089.18
3780,42856.48
3781,5554.95
3782,12444.89
3783,49176.43
3784,10387.71
3785,14069.75
3786,54460.86
3787,53398.44
3788,57776.07
3789,14109.88
3790,2441.5
3791,4683.93
3792,55752.09
3793,12736.96
3794,38428.62
3795,4977.18
3796,5039.33
3797,12704.24
3798,43678.78
3799,23263.2
3800,5142.27
3801,5891.5
3802,8615.57
3803,27790.32
3804,9549.19
3805,7709.99
3806,6247.4
3807,5609.15
3808,8363.74
3809,5224.91
3810,55912.52
3811,53203.1
3812,49809.19
3813,44978.42
3814,9691.81
3815,4927.16
3816,2173.92
3817,52855.67
3818,44649.51
3819,2406.8
3820,4020.15
3821,7596.83
3822,48633.64
3823,2449.58
3824,34424.12
3825,8552.54
3826,40710.7
3827,42387.11
3828,7122.74
3829,11059.14
3830,12367.5
3831,6610.73
3832,5884.75
3833,5520.21
3834,4834.76
3835,38907.77
3836,4360.46
3837,34071.316666666666
3838,49059.44
3839,8943.46
3840,2253.04
3841,51637.02
3842,62722.37
3843,4940.88
3844,27863.28
3845,57944.13
3846,4626.39
3847,49155.44
3848,6661.39
3849,6728.72
3850,3379.58
3851,2816.85
3852,5822.74
3853,42592.46
3854,7016.15
3855,4865.53
3856,55032.26
3857,5430.41
3858,6495.59
3859,13658.01
3860,5453.27
3861,10128.38
3862,3062.82
3863,51247.86
3864,3989.36
3865,46659.22
3866,25629.24
3867,7745.93
3868,4694.35
3869,22739.48
3870,3320.33
3871,50238.01
3872,4347.07
3873,6451.46
3874,32409.9
3875,6875.1
3876,5995.2
3877,7297.39
3878,6489.76
3879,13671.11
3880,49379.17
3881,9292.42
3882,8570.91
3883,7417.43
3884,6231.4
3885,58788.88
3886,5223.11
3887,27976.0
3888,11331.83
3889,2515.7
3890,4657.09
3891,5427.53
3892,5158.25
3893,6548.82
3894,10565.4
3895,43408.3
3896,1667.81
3897,6592.13
3898,2332.63
3899,4620.55
3900,5371.6
3901,10852.8
3902,5495.18
3903,55357.03
3904,49739.56
3905,57563.1
3906,4111.88
3907,50453.23
3908,60611.82
3909,58339.29
3910,5786.16
3911,4221.09
3912,4230.04
3913,5660.51
3914,5285.21
3915,12877.09
3916,9070.66
3917,7022.37
3918,60254.64
3919,8684.99
3920,66688.69
3921,50674.81
3922,32808.33
3923,5208.5
3924,7417.46
3925,60471.64
3926,6372.64
3927,2330.95
3928,7331.43
3929,5757.0
3930,4608.07
3931,4937.73
3932,5033.88
3933,4304.23
3934,5545.63
3935,4918.82
3936,2096.04
3937,6685.52
3938,6870.41
3939,6647.52
3940,6396.56
3941,5558.41
3942,5577.12
3943,50404.84
3944,58195.45
3945,2820.64
3946,11607.36
3947,7036.36
3948,61586.87
3949,5160.61
3950,7666.1
3951,3472.68
3952,6013.37
3953,9960.28
3954,6785.45
3955,1645.75
3956,49526.08
3957,10958.29
3958,4176.34
3959,7864.13
3960,5163.77
3961,56988.97
3962,5853.85
3963,5675.53
3964,54993.02
3965,6234.78
3966,5212.56
3967,11849.81
3968,5034.63
3969,5614.42
3970,56371.17
3971,3060.65
3972,4178.94
3973,6794.92
3974,7816.25
3975,5817.14
3976,38111.37
3977,41015.14
3978,50369.71
3979,6714.66
3980,59928.74
3981,50654.72
3982,10679.69
3983,43947.98
3984,4067.92
3985,5293.69
3986,26191.74
3987,52079.09
3988,8946.92
3989,25624.27
3990,7332.42
3991,4598.09
3992,2624.64
3993,5661.71
3994,3886.49
3995,3626.05
3996,3436.62
3997,54310.57
3998,8452.75
3999,5133.32
4000,60725.33
4001,49189.5
4002,71458.99
4003,5937.65
4004,10072.93
4005,4490.06
4006,3633.13
4007,13507.03
4008,8236.47
4009,5023.68
4010,7457.59
4011,6556.87
4012,67703.57
4013,4505.27
4014,57330.67
4015,8775.29
4016,6220.99
4017,4816.2
4018,31553.34
4019,5064.54
4020,58619.32
4021,4607.62
4022,56484.98
4023,7488.53
4024,6021.76
4025,72463.83
4026,10162.78
4027,7411.24
4028,44832.52
4029,55436.46
4030,55393.97
4031,12698.18
4032,52762.12
4033,2616.66
4034,3678.34
4035,49690.59
4036,2589.05
4037,10130.33
4038,55096.77
4039,5158.02
4040,7580.96
4041,5472.96
4042,4385.69
4043,4474.76
4044,16557.04
4045,5521.71
4046,7795.54
4047,4342.41
4048,6563.17
4049,4448.14
4050,5687.96
4051,23296.92
4052,52449.0
4053,39707.11
4054,4092.67
4055,10247.6
4056,7216.08
4057,2849.28
4058,4851.26
4059,36448.35
4060,8154.22
4061,8830.99
4062,74949.68
4063,5522.87
4064,4558.88
4065,46078.08
4066,9669.74
4067,2486.06
4068,5426.43
4069,1938.25
4070,12003.84
4071,54412.33
4072,58403.63
4073,2727.29
4074,4966.68
4075,13932.6
4076,11378.85
4077,10905.23
4078,47457.33
4079,4465.95
4080,5992.7
4081,13819.4
4082,10926.57
4083,3103.35
4084,4174.78
4085,57741.09
4086,3927.8
4087,11545.29
4088,5842.76
4089,75008.22
4090,6585.34
4091,8617.53
4092,7309.71
4093,7771.97
4094,5590.29
4095,4403.83
4096,44460.65
4097,5626.62
4098,57491.22
4099,53978.96
4100,46997.41
4101,3799.07
4102,3155.1
4103,4987.74
4104,7485.09
4105,72057.3
4106,63589.09
4107,11949.0
4108,8380.15
4109,46210.66
4110,5636.19
4111,82230.23
4112,7176.96
4113,6016.09
4114,14012.88
4115,6413.95
4116,7744.43
4117,62541.75
4118,14680.35
4119,38198.52
4120,5037.43
4121,55320.02
4122,11586.85
4123,52228.1
4124,4651.71
4125,4089.79
4126,4199.19
4127,59097.99
4128,1574.38
4129,13496.08
4130,64804.35
4131,6914.01
4132,50042.56
4133,56193.83
4134,45560.95
4135,4601.06
4136,2186.12
4137,64066.13
4138,51347.48
4139,3761.24
4140,55896.38
4141,5375.38
4142,7244.15
4143,59922.08
4144,6548.31
4145,11996.52
4146,11071.4
4147,5559.74
4148,7523.08
4149,5937.49
4150,4324.44
4151,5002.27
4152,55912.96
4153,5616.53
4154,2813.2
4155,1878.48
4156,8148.54
4157,5174.63
4158,4620.13
4159,7055.08
4160,8187.48
4161,5982.24
4162,3737.55
4163,53405.43
4164,15769.9
4165,7408.9
4166,53974.76
4167,2718.64
4168,4694.47
4169,2114.62
4170,11922.41
4171,4915.95
4172,77626.54
4173,10730.74
4174,5969.22
4175,4994.62
4176,48456.39
4177,67287.06
4178,6613.06
4179,3642.77
4180,11252.79
4181,41077.93
4182,58618.6
4183,6127.05
4184,44445.61
4185,60104.08
4186,4002.81
4187,9884.47
4188,6824.976499999999
4189,4282.91
4190,58378.8
4191,51449.9
4192,3772.45
4193,54448.26
4194,48316.82
4195,60200.52
4196,4747.29
4197,8003.88
4198,2487.65
4199,56936.4
4200,2861.96
4201,49524.05
4202,22151.88
4203,6177.39
4204,5679.56
4205,5692.54
4206,4837.18
4207,34682.5
4208,4445.64
4209,10545.49
4210,40400.77333333334
4211,4463.5
4212,8125.07
4213,10109.46
4214,4762.28
4215,6252.35
4216,49438.05
4217,10796.19
4218,7231.99
4219,5885.13
4220,13140.24
4221,5330.26
4222,4004.39
4223,67695.1
4224,5457.45
4225,7617.71
4226,45668.67
4227,55723.33
4228,3187.98
4229,46012.26
4230,4858.54
4231,53317.22
4232,5808.37
4233,4917.39
4234,11550.71
4235,50198.51
4236,6046.03
4237,10626.18
4238,5815.8
4239,54082.04
4240,12400.65
4241,9842.04
4242,3386.5
4243,4507.83
4244,5889.04
4245,6310.81
4246,3477.41
4247,6456.79
4248,5968.08
4249,2860.41
4250,57339.22
4251,10694.76
4252,8287.04
4253,3971.76
4254,43823.37
4255,2831.07
4256,4555.45
4257,4929.53
4258,6362.89
4259,69058.02
4260,62464.97
4261,2745.55
4262,4286.04
4263,49560.18
4264,3972.71
4265,5676.41
4266,6130.7
4267,45104.73
4268,37985.0
4269,74946.67
4270,9976.17
4271,20785.12
4272,5066.28
4273,2684.29
4274,4458.71
4275,6275.25
4276,5356.27
4277,3887.58
4278,11461.7
4279,48083.76
4280,5596.66
4281,5387.0
4282,6822.91
4283,11660.35
4284,66175.49
4285,6307.85
4286,2029.86
4287,9200.88
4288,45579.4
4289,51872.52
4290,13466.4
4291,8531.58
4292,5233.58
4293,32268.13
4294,5732.81
4295,6398.97
4296,50747.11
4297,17546.04
4298,44652.24
4299,54687.87
4300,48292.62
4301,74809.15
4302,5521.29
4303,17179.37
4304,55689.01
4305,6993.88
4306,79479.95
4307,6254.36
4308,2480.65
4309,55334.04
4310,44468.51
4311,49850.51
4312,28326.51
4313,47906.86
4314,5998.96
4315,58086.63
4316,6131.54
4317,63489.12
4318,49852.76
4319,3940.8
4320,4978.57
4321,7164.87
4322,17545.72
4323,12496.62
4324,62768.98
4325,6533.12
4326,5920.51
4327,6004.09
4328,49649.78
4329,69004.25
4330,5533.18
4331,10348.17
4332,6979.8
4333,46592.68
4334,7893.1
4335,2852.24
4336,72313.53
4337,4006.74
4338,2351.45
4339,55362.9
4340,6593.42
4341,45305.09
4342,4559.15
4343,55521.79
4344,59887.6
4345,5345.96
4346,6084.48
4347,6983.04
4348,3411.69
4349,12407.09
4350,60440.11
4351,5710.59
4352,4683.58
4353,70812.49
4354,4073.37
4355,9138.39
4356,46412.56
4357,49692.57
4358,3769.24
4359,12546.68
4360,4596.52
4361,47609.74
4362,44414.99
4363,4457.62
4364,44546.54
4365,68151.56
4366,60268.81
4367,40586.49
4368,5512.12
4369,50021.69
4370,1422.98
4371,6607.92
4372,62277.43
4373,7596.46
4374,7945.79
4375,57701.74
4376,4935.21
4377,11525.85
4378,32989.57
4379,64188.84
4380,3492.5
4381,55563.45
4382,9005.59
4383,1575.48
4384,63988.26
4385,4259.26
4386,6883.38
4387,4465.43
4388,7009.02
4389,3980.51
4390,11208.08
4391,5384.67
4392,5098.31
4393,6731.39
4394,7518.99
4395,4634.82
4396,57674.38
4397,48782.91
4398,38600.04
4399,69121.41
4400,5018.03
4401,17055.88
4402,57838.34
4403,5553.24
4404,6478.02
4405,1784.97
4406,52777.14
4407,57931.26
4408,5949.72
4409,4201.42
4410,6489.44
4411,4984.175
4412,4606.57
4413,45212.48
4414,4422.57
4415,9763.44
4416,6867.08
4417,55945.41
4418,5355.07
4419,57620.73
4420,52368.81
4421,6485.09
4422,57082.65
4423,6201.29
4424,5120.77
4425,5504.05
4426,53354.54
4427,2262.37
4428,7145.34
4429,6085.39
4430,47323.48
4431,10096.91
4432,10543.94
4433,6694.5
4434,51064.49
4435,34790.02
4436,3015.62
4437,3226.56
4438,5083.6
4439,6423.3634999999995
4440,6645.48
4441,8574.33
4442,19774.99
4443,16393.08
4444,4294.27
4445,52182.7
4446,4493.08
4447,15168.93
4448,3580.83
4449,3816.84
4450,44341.9
4451,5378.69
4452,9969.7
4453,5116.48
4454,9875.24
4455,6338.54
4456,3399.95
4457,5541.69
4458,42051.97
4459,8420.64
4460,5926.49
4461,11700.25
4462,4806.41
4463,6358.06
4464,5538.84
4465,5728.46
4466,10122.15
4467,52741.0
4468,32254.366666666676
4469,10826.7
4470,2725.17
4471,45173.79
4472,7427.06
4473,5182.84
4474,4751.99
4475,50923.26
4476,8974.72
4477,74721.14
4478,5001.83
4479,2938.73
4480,4897.29
4481,59231.47
4482,4911.17
4483,2664.27
4484,32028.94
4485,50256.26
4486,4151.23
4487,10783.43
4488,3009.21
4489,3846.53
4490,57078.05
4491,47078.79
4492,55620.25
4493,7801.8
4494,48640.58
4495,7612.32
4496,48384.6
4497,75206.58
4498,22287.22
4499,59660.16
4500,57141.67
4501,11087.64
4502,6513.08
4503,9124.65
4504,4186.03
4505,11120.46
4506,45557.8
4507,5651.76
4508,5927.9
4509,56593.01
4510,53314.07
4511,3923.93
4512,6034.5
4513,6366.91
4514,5338.57
4515,33038.47
4516,5687.76
4517,61804.19
4518,5192.63
4519,6373.31
4520,6019.73
4521,13124.8
4522,6264.58
4523,5565.21
4524,10726.01
4525,5697.87
4526,6441.3
4527,5313.36
4528,14966.17
4529,4256.07
4530,2258.63
4531,4332.57
4532,12026.85
4533,55115.78
4534,6379.67
4535,53478.08
4536,57794.34
4537,4374.61
4538,4105.63
4539,5059.46
4540,5568.36
4541,6770.63
4542,11662.29
4543,52993.04
4544,27903.29
4545,6902.91
4546,46993.42
4547,54563.58
4548,68233.94
4549,4809.62
4550,5231.38
4551,3920.8
4552,6245.77
4553,9993.89
4554,24524.4
4555,8929.54
4556,51274.87
4557,12442.21
4558,13135.79
4559,40799.54
4560,66684.08333333333
4561,7476.18
4562,5170.2
4563,4918.9
4564,4076.18
4565,40524.83
4566,5903.0
4567,11480.58
4568,4629.82
4569,4213.9
4570,4005.6
4571,6405.92
4572,6619.3
4573,6704.3425
4574,2682.28
4575,6070.09
4576,4882.48
4577,6065.45
4578,5724.81
4579,2049.89
4580,8010.5
4581,4645.77
4582,53840.16
4583,4828.93
4584,56166.79
4585,3334.84
4586,3065.98
4587,10805.7
4588,52298.62
4589,4264.25
4590,47685.47
4591,10681.08
4592,10957.13
4593,3173.14
4594,35987.31
4595,3665.46
4596,5664.06
4597,7759.47
4598,4295.84
4599,2510.68
4600,6193.26
4601,45861.4
4602,16115.74
4603,56495.32
4604,8628.4
4605,49074.06
4606,7678.84
4607,3273.92
4608,8028.09
4609,4286.61
4610,6799.42
4611,54508.22
4612,68108.1
4613,3999.0
4614,1802.58
4615,56544.37
4616,2441.77
4617,3458.72
4618,4643.65
4619,47009.67
4620,2585.49
4621,10285.79
4622,3068.53
4623,1936.97
4624,9662.1
4625,14615.59
4626,9156.54
4627,36916.15
4628,3176.21
4629,6425.26
4630,10892.71
4631,5849.85
4632,8758.59
4633,71900.92
4634,58242.41
4635,7510.85
4636,55295.74
4637,10434.41
4638,11485.24
4639,41164.01
4640,3836.68
4641,5816.63
4642,7993.24
4643,50271.0
4644,10590.18
4645,3741.88
4646,10708.24
4647,52448.08
4648,2786.66
4649,73467.33
4650,50864.03
4651,13002.59
4652,4315.45
4653,12811.38
4654,43665.4
4655,10770.34
4656,66116.75
4657,63209.32
4658,11689.01
4659,4823.29
4660,58593.83
4661,5317.51
4662,65840.12
4663,16018.77
4664,61070.75
4665,52893.38
4666,4786.36
4667,6521.4
4668,16788.5
4669,4860.64
4670,13813.96
4671,59794.7
4672,10695.23
4673,50896.68
4674,6243.38
4675,55531.73
4676,4390.8
4677,56235.41
4678,45565.59
4679,70075.36
4680,6440.92
4681,5211.7
4682,22816.5
4683,14802.81
4684,56218.97
4685,50831.7
4686,6473.15
4687,44139.16
4688,5581.25
4689,66849.45
4690,9804.0
4691,14386.35
4692,6312.37
4693,54634.29
4694,6636.22
4695,56651.66
4696,6434.0
4697,51005.17
4698,20896.12
4699,25260.38
4700,59064.64
4701,7126.2
4702,6226.16
4703,4242.67
4704,13916.5
4705,4952.85
4706,6041.23
4707,5173.24
4708,2127.18
4709,56850.4
4710,2807.52
4711,8112.34
4712,6769.04
4713,13794.61
4714,6046.24
4715,44813.36
4716,6399.86
4717,4183.05
4718,28098.94
4719,33994.65
4720,54097.87
4721,40342.83
4722,15230.55
4723,31722.36
4724,38111.07
4725,5630.52
4726,5885.79
4727,6495.39
4728,45959.85
4729,4723.13
4730,53790.68
4731,9179.16
4732,69072.12
4733,52128.5
4734,6845.72
4735,54421.19
4736,5521.83
4737,5501.09
4738,45438.02
4739,5295.72
4740,7437.61
4741,47483.88
4742,2940.6
4743,2273.92
4744,5449.98
4745,9621.91
4746,5049.98
4747,49463.43
4748,53906.76
4749,41206.01
4750,9588.49
4751,68071.4805
4752,10916.86
4753,8137.12
4754,67910.45
4755,8703.43
4756,3972.03
4757,7730.59
4758,7879.18
4759,2430.66
4760,67246.78
4761,5679.62
4762,44096.75
4763,8698.3
4764,4739.05
4765,10759.36
4766,59711.75
4767,64985.53
4768,60640.11333333333
4769,7638.9
4770,16582.4
4771,4494.0
4772,2709.45
4773,9905.66
4774,50185.63
4775,4657.05
4776,4733.56
4777,49821.93
4778,70341.38
4779,48005.33
4780,3942.68
4781,49474.44
4782,5884.74
4783,44820.45
4784,42241.06
4785,33102.31
4786,5531.4
4787,4930.96
4788,48852.94
4789,6100.462333333333
4790,44571.72
4791,56002.23
4792,8074.23
4793,50971.13
4794,6305.95
4795,78730.1
4796,24330.66
4797,45655.98
4798,9564.45
4799,4743.76
4800,4943.95
4801,2979.68
4802,4241.74
4803,6522.88
4804,5884.26
4805,43985.21
4806,6227.3
4807,4425.69
4808,2749.99
4809,3404.37
4810,5550.06
4811,6201.81
4812,49963.65
4813,5742.18
4814,2818.14
4815,15836.3
4816,7487.72
4817,2911.56
4818,3835.58
4819,3801.81
4820,2730.44
4821,42976.91
4822,62478.23
4823,4898.98
4824,11406.83
4825,8931.05
4826,50256.64
4827,7241.04
4828,5330.81
4829,5912.76
4830,5738.44
4831,7077.07
4832,5811.49
4833,47071.81
4834,5813.38
4835,5932.74
4836,23196.76
4837,54330.3
4838,5148.36
4839,6289.42
4840,64212.05
4841,51527.39
4842,5640.54
4843,51453.71
4844,16090.49
4845,59436.56
4846,5326.11
4847,7929.655
4848,2860.34
4849,44090.41
4850,3219.72
4851,3023.94
4852,6579.7
4853,10566.11
4854,16688.06
4855,4212.51
4856,4399.64
4857,6532.7
4858,5503.42
4859,5399.67
4860,52546.27
4861,7087.87
4862,6166.97
4863,8460.24
4864,41944.69
4865,4831.59
4866,5286.13
4867,3761.05
4868,4569.13
4869,5662.18
4870,6916.38
4871,53619.97
4872,6211.17
4873,10702.12
4874,57261.54
4875,51122.14
4876,5827.95
4877,5871.92
4878,2532.27
4879,45715.64
4880,6747.55
4881,12992.83
4882,43239.53
4883,10384.75
4884,54927.1
4885,60002.56
4886,3440.6
4887,2360.48
4888,8132.35
4889,3502.64
4890,1824.3
4891,56523.36
4892,5774.19
4893,14029.18
4894,8135.51
4895,6264.06
4896,6165.08
4897,12465.61
4898,3380.18
4899,44009.93
4900,5667.7
4901,5885.93
4902,9369.38
4903,7655.54
4904,32802.67
4905,4980.01
4906,66443.44
4907,5837.01
4908,63853.16
4909,2208.57
4910,4923.3
4911,4655.21
4912,6488.33
4913,7970.26
4914,6025.2
4915,57646.9
4916,2554.59
4917,53014.46
4918,50030.48
4919,8183.5
4920,2540.79
4921,71237.71
4922,6757.54
4923,74663.43
4924,6020.85
4925,6800.91
4926,35599.91
4927,12558.93
4928,5451.03
4929,6288.4
4930,55366.6
4931,50377.6
4932,6278.14
4933,4584.11
4934,12590.59
4935,7583.42
4936,5438.51
4937,6391.79
4938,5733.15
4939,45071.15
4940,6443.39
4941,4508.5
4942,4302.58
4943,5884.67
4944,51817.16
4945,54101.52
4946,5412.19
4947,32499.9
4948,7312.41
4949,4694.14
4950,4383.77
4951,37985.0
4952,4081.85
4953,45584.42
4954,2541.67
4955,4353.91
4956,5311.47
4957,4271.91
4958,4494.68
4959,7595.86
4960,4547.41
4961,6186.42
4962,12683.87
4963,5497.18
4964,11845.85
4965,4551.98
4966,56431.87
4967,63520.51
4968,3872.05
4969,2969.94
4970,12426.36
4971,4571.21
4972,4470.52
4973,13159.525
4974,7849.97
4975,7486.68
4976,55329.63
4977,6581.59
4978,3267.43
4979,5082.3
4980,48669.4
4981,4725.75
4982,3982.04
4983,13592.83
4984,3529.88
4985,6294.8
4986,6050.32
4987,3779.46
4988,6838.82
4989,49466.83
4990,27864.0
4991,17524.82
4992,54701.92
4993,7723.25
4994,10602.22
4995,6564.94
4996,59475.74
4997,4495.82
4998,50271.0
4999,47723.62
5000,65601.1
